<?xml version="1.0" encoding="UTF-8"?><metadata>
<idinfo>
<citation>
<citeinfo>
<origin/>
<pubdate>20050923</pubdate>
<title>King County with Natural Shoreline for Puget Sound and Lake Washington / kingsh_area</title>
<edition>One</edition>
<geoform>vector digital data</geoform>
<pubinfo>
<pubplace/>
<publish>King County</publish>
</pubinfo>
<othercit>None</othercit>
<onlink>https://kingcounty.maps.arcgis.com/home/item.html?id=f1e9e887567b47c68c8dfc8bb352208c</onlink>
<onlink>https://kingcounty.maps.arcgis.com/home/item.html?id=abb769d2c51c462287a7d8c0b80fee47</onlink>
<onlink>http://www5.kingcounty.gov/sdc/Metadata.aspx?Layer=kingsh</onlink>
<onlink>http://www5.kingcounty.gov/sdc/addl_doc/KCGISCenterTermsAndConditions.pdf</onlink>
<onlink>http://www5.kingcounty.gov/sdc/addl_doc/KCGISCenterHelpUsingKCOpenData.pdf</onlink>
</citeinfo>
</citation>
<descript>
<abstract>County boundaries for King County, with Puget Sound and Lake Washington removed, showing coastal shoreline and Mercer Island. Also as WASHSH for all of Washington State.</abstract>
<purpose>Depicts King County similar to KINGCO except that Puget Sound and Lake Washington are removed. In these areas the current version of WTRBDY is used to depict the natural shoreline, rather than the political boundary.</purpose>
<supplinf>None</supplinf>
</descript>
<timeperd>
<timeinfo>
<sngdate>
<caldate>20100101</caldate>
</sngdate>
</timeinfo>
<current>publication date</current>
</timeperd>
<status>
<progress>Complete</progress>
<update>As needed</update>
</status>
<spdom>
<bounding>
<westbc>-122.542058</westbc>
<eastbc>-121.063188</eastbc>
<northbc>47.788407</northbc>
<southbc>47.073649</southbc>
</bounding>
</spdom>
<keywords>
<theme>
<themekt>Not applicable</themekt>
<themekey>political_OpenData</themekey>
<themekey>county</themekey>
<themekey>boundary</themekey>
<themekey>boundaries</themekey>
<themekey>state</themekey>
<themekey>shoreline</themekey>
<themekey>kingsh_area</themekey>
<themekey>kingcounty_opendata</themekey>
</theme>
<theme>
<themekt>ISO 19115 Topic Categories</themekt>
<themekey>boundaries</themekey>
</theme>
<place>
<placekt>Not applicable</placekt>
<placekey>Pacific NW</placekey>
<placekey>King County</placekey>
<placekey>Washington state</placekey>
<placekey>WA</placekey>
</place>
</keywords>
<accconst>None</accconst>
<useconst>King County data are made available with the understanding that they shall be used exclusively by the obtainer or his/her authorized agents. Digital products may not be reproduced or redistributed in any form or by any means without the express written authorization of King County.</useconst>
<ptcontac>
<cntinfo>
<cntorgp>
<cntorg>King County GIS Center</cntorg>
<cntper>Mike Leathers</cntper>
</cntorgp>
<cntpos>GIS Data Coordinator</cntpos>
<cntaddr>
<addrtype>mailing and physical</addrtype>
<address>201 S Jackson St, Suite 706</address>
<city>Seattle</city>
<state>WA</state>
<postal>98104</postal>
<country>US</country>
</cntaddr>
<cntvoice>206-263-4867</cntvoice>
</cntinfo>
</ptcontac>
<browse>
<browsen>http://www5.kingcounty.gov/sdc/DataImages/kingsh.jpg</browsen>
<browsed>JPG File of layer overlain on base of WA counties or local cities</browsed>
<browset>JPG</browset>
</browse>
<native>ESRI ArcGIS 10.0.0.2414</native>
</idinfo>
<dataqual>
<logic>Contiguous portions of Puget Sound are used to define shoreline portion. Lake Washington is also removed.</logic>
<complete>Entirety of King County</complete>
<lineage>
<procstep>
<procdesc>Derived from 1990 Census TIGER data at 1:100000 scale</procdesc>
<procdate>19900101</procdate>
</procstep>
<procstep>
<procdesc>Generation of this layer was linked to updates to WTRBDY_AREA. Whenever major review/update is performed on WTRBDY, the adjusted extent of Puget Sound and Lake Washington is used to regenerate this layer from the WASHCO_AREA source.</procdesc>
<procdate>20090501</procdate>
</procstep>
<procstep>
<procdesc>Updated major lake boundaries with 2010 ortho imagery. Regenerated KING_SH.</procdesc>
<procdate>20110201</procdate>
</procstep>
</lineage>
</dataqual>
<spdoinfo>
<direct>Vector</direct>
<ptvctinf>
<sdtsterm>
<sdtstype>GT-polygon composed of chains</sdtstype>
<ptvctcnt>0</ptvctcnt>
</sdtsterm>
</ptvctinf>
</spdoinfo>
<eainfo>
<detailed>
<enttyp>
<enttypl>PLIBRARY.POLITICL.xxxx206553</enttypl>
<enttypd>Polygon Attribute Table</enttypd>
<enttypds>ESRI</enttypds>
</enttyp>
<attr>
<attrlabl>COUNTY</attrlabl>
<attrdef>Name of Washington state county</attrdef>
<attrdefs>TIGER files</attrdefs>
<attrdomv>
					<udom>All uppercase text</udom>
				</attrdomv>
</attr>
<attr>
<attrlabl>OBJECTID</attrlabl>
<attrdef>Internal feature number.</attrdef>
<attrdefs>ESRI</attrdefs>
<attrdomv>
					<udom>Sequential unique whole numbers that are automatically generated.</udom>
				</attrdomv>
</attr>
<attr>
<attrlabl>SHAPE</attrlabl>
<attrdef>Feature geometry.</attrdef>
<attrdefs>ESRI</attrdefs>
<attrdomv>
					<udom>Coordinates defining the features.</udom>
				</attrdomv>
</attr>
<attr>
<attrlabl>SHAPE.area</attrlabl>
<attrdef>Feature area</attrdef>
<attrdefs>ESRI</attrdefs>
<attrdomv>
					<udom>Floating point value in feet</udom>
				</attrdomv>
</attr>
<attr>
<attrlabl>SHAPE.len</attrlabl>
<attrdef>Feature length</attrdef>
<attrdefs>ESRI</attrdefs>
<attrdomv>
					<udom>Floating point value in feet</udom>
				</attrdomv>
</attr>
</detailed>
<detailed>
<enttyp>
<enttypl>maint.GISC.washsh_area</enttypl>
<enttypd>Polygon attribute table</enttypd>
<enttypds>King County</enttypds>
</enttyp>
<attr>
<attrlabl>SHAPE</attrlabl>
<attrdef>Feature geometry.</attrdef>
<attrdefs>ESRI</attrdefs>
<attrdomv>
					<udom>Coordinates defining the features.</udom>
				</attrdomv>
</attr>
<attr>
<attrlabl>SHAPE.area</attrlabl>
<attrdef>Area of feature</attrdef>
<attrdefs>ESRI</attrdefs>
<attrdomv>
					<udom>Floating point value in feet</udom>
				</attrdomv>
</attr>
<attr>
<attrlabl>SHAPE.len</attrlabl>
<attrdef>Length of feature boundary</attrdef>
<attrdefs>ESRI</attrdefs>
<attrdomv>
					<udom>Floating point value in feet</udom>
				</attrdomv>
</attr>
</detailed>
<detailed>
<enttyp>
<enttypl>washco</enttypl>
<enttypd>Polygon feature attribute table</enttypd>
<enttypds>ESRI</enttypds>
</enttyp>
<attr>
<attrlabl>SHAPE</attrlabl>
<attrdef>Feature geometry.</attrdef>
<attrdefs>ESRI</attrdefs>
<attrdomv>
					<udom>Coordinates defining the features.</udom>
				</attrdomv>
</attr>
<attr>
<attrlabl>SHAPE.area</attrlabl>
</attr>
<attr>
<attrlabl>SHAPE.len</attrlabl>
</attr>
</detailed>
</eainfo>
<distinfo>
<distrib>
<cntinfo>
<cntorgp>
<cntorg>KCGIS Center</cntorg>
<cntper>Cheryl Wilder</cntper>
</cntorgp>
<cntpos>Data Sales Coordinator</cntpos>
<cntaddr>
<addrtype>mailing and physical</addrtype>
<address>201 S Jackson St, Suite 700</address>
<city>Seattle</city>
<state>WA</state>
<postal>98104</postal>
<country>US</country>
</cntaddr>
<cntvoice>206-263-5220</cntvoice>
</cntinfo>
</distrib>
<resdesc>/plibrary2/politicl/shapes/polygon/kingsh.shp</resdesc>
<distliab>King County disclaims any warranty of use of any digital product or data beyond that for which it was designed.</distliab>
<stdorder>
<digform>
<digtinfo>
<formname>ESRI Shapefile</formname>
</digtinfo>
</digform>
<fees>Contact KCGIS Client Services for the cost of reproduction - http://www.kingcounty.gov/operations/GIS/GISData/GISDataDistribution.aspx</fees>
</stdorder>
</distinfo>
<metainfo>
<metd>20121207</metd>
<metc>
<cntinfo>
<cntorgp>
<cntorg>King County GIS Center</cntorg>
<cntper>Mike Leathers</cntper>
</cntorgp>
<cntpos>GIS Data Coordinator</cntpos>
<cntaddr>
<addrtype>mailing and physical</addrtype>
<address>201 S Jackson St, Suite 700</address>
<city>Seattle</city>
<state>WA</state>
<postal>98104</postal>
<country>US</country>
</cntaddr>
<cntvoice>206-263-4867</cntvoice>
<cntemail>firstname.lastname@kingcounty.gov</cntemail>
</cntinfo>
</metc>
<metstdn>FGDC Content Standard for Digital Geospatial Metadata</metstdn>
<metstdv>FGDC-STD-001-1998</metstdv>
<mettc>local time</mettc>
</metainfo>
</metadata>
